Country,Country_Code,Year,HumanResources
Afghanistan,AFG,2010,16
Afghanistan,AFG,2011,25
Afghanistan,AFG,2012,20
Afghanistan,AFG,2013,40
Afghanistan,AFG,2014,20
Afghanistan,AFG,2015,40
Afghanistan,AFG,2016,40
Afghanistan,AFG,2017,40
Albania,ALB,2017,40
Algeria,DZA,2010,50
Algeria,DZA,2011,0
Algeria,DZA,2012,0
Algeria,DZA,2013,60
Algeria,DZA,2014,60
Algeria,DZA,2015,60
Algeria,DZA,2016,40
Algeria,DZA,2017,60
Andorra,AND,2010,0
Andorra,AND,2011,0
Andorra,AND,2012,0
Andorra,AND,2013,0
Andorra,AND,2014,0
Andorra,AND,2015,0
Andorra,AND,2016,No response
Andorra,AND,2017,0
Angola,AGO,2011,25
Angola,AGO,2013,60
Angola,AGO,2014,20
Angola,AGO,2017,60
Antigua and Barbuda,ATG,2010,50
Antigua and Barbuda,ATG,2011,25
Antigua and Barbuda,ATG,2012,100
Antigua and Barbuda,ATG,2013,100
Antigua and Barbuda,ATG,2014,100
Antigua and Barbuda,ATG,2015,100
Antigua and Barbuda,ATG,2016,100
Antigua and Barbuda,ATG,2017,80
Argentina,ARG,2011,100
Argentina,ARG,2012,100
Argentina,ARG,2013,100
Argentina,ARG,2014,100
Argentina,ARG,2015,100
Argentina,ARG,2016,40
Argentina,ARG,2017,40
Armenia,ARM,2010,100
Armenia,ARM,2011,0
Armenia,ARM,2012,80
Armenia,ARM,2013,100
Armenia,ARM,2014,80
Armenia,ARM,2015,80
Armenia,ARM,2017,80
Australia,AUS,2010,100
Australia,AUS,2011,100
Australia,AUS,2012,100
Australia,AUS,2013,100
Australia,AUS,2014,100
Australia,AUS,2015,100
Australia,AUS,2016,100
Australia,AUS,2017,100
Austria,AUT,2010,66
Austria,AUT,2011,100
Austria,AUT,2012,80
Austria,AUT,2013,100
Austria,AUT,2014,100
Austria,AUT,2015,100
Austria,AUT,2016,100
Austria,AUT,2017,40
Azerbaijan,AZE,2010,16
Azerbaijan,AZE,2011,100
Azerbaijan,AZE,2013,100
Azerbaijan,AZE,2014,100
Bahamas,BHS,2010,0
Bahamas,BHS,2011,25
Bahamas,BHS,2014,40
Bahamas,BHS,2015,40
Bahamas,BHS,2016,40
Bahamas,BHS,2017,40
Bahrain,BHR,2010,83
Bahrain,BHR,2011,50
Bahrain,BHR,2012,20
Bahrain,BHR,2013,40
Bahrain,BHR,2014,60
Bahrain,BHR,2015,60
Bahrain,BHR,2016,100
Bahrain,BHR,2017,100
Bangladesh,BGD,2010,83
Bangladesh,BGD,2011,75
Bangladesh,BGD,2012,80
Bangladesh,BGD,2013,100
Bangladesh,BGD,2014,100
Bangladesh,BGD,2015,100
Bangladesh,BGD,2016,100
Bangladesh,BGD,2017,100
Barbados,BRB,2010,33
Barbados,BRB,2011,75
Barbados,BRB,2012,80
Barbados,BRB,2013,60
Barbados,BRB,2014,80
Barbados,BRB,2015,80
Barbados,BRB,2016,80
Barbados,BRB,2017,80
Belarus,BLR,2011,0
Belarus,BLR,2014,100
Belgium,BEL,2010,50
Belgium,BEL,2011,50
Belgium,BEL,2012,60
Belgium,BEL,2013,60
Belgium,BEL,2014,60
Belgium,BEL,2015,60
Belgium,BEL,2016,60
Belgium,BEL,2017,60
Belize,BLZ,2010,0
Belize,BLZ,2011,25
Belize,BLZ,2012,40
Belize,BLZ,2013,40
Belize,BLZ,2015,40
Benin,BEN,2010,33
Benin,BEN,2011,25
Benin,BEN,2012,80
Benin,BEN,2014,80
Benin,BEN,2016,0
Benin,BEN,2017,40
Bhutan,BTN,2010,16
Bhutan,BTN,2011,75
Bhutan,BTN,2013,80
Bhutan,BTN,2014,100
Bhutan,BTN,2015,100
Bhutan,BTN,2016,100
Bhutan,BTN,2017,60
Bolivia (Plurinational State of),BOL,2011,0
Bolivia (Plurinational State of),BOL,2012,0
Bolivia (Plurinational State of),BOL,2013,40
Bolivia (Plurinational State of),BOL,2014,20
Bolivia (Plurinational State of),BOL,2015,40
Bolivia (Plurinational State of),BOL,2016,80
Bolivia (Plurinational State of),BOL,2017,40
Bosnia and Herzegovina,BIH,2010,0
Bosnia and Herzegovina,BIH,2011,0
Bosnia and Herzegovina,BIH,2014,20
Bosnia and Herzegovina,BIH,2015,20
Bosnia and Herzegovina,BIH,2016,20
Bosnia and Herzegovina,BIH,2017,20
Botswana,BWA,2010,33
Botswana,BWA,2013,20
Botswana,BWA,2015,100
Botswana,BWA,2017,20
Brazil,BRA,2010,66
Brazil,BRA,2011,100
Brazil,BRA,2013,80
Brazil,BRA,2014,100
Brazil,BRA,2015,100
Brazil,BRA,2016,100
Brazil,BRA,2017,100
Brunei Darussalam,BRN,2010,16
Brunei Darussalam,BRN,2011,25
Brunei Darussalam,BRN,2012,60
Brunei Darussalam,BRN,2013,100
Brunei Darussalam,BRN,2014,100
Brunei Darussalam,BRN,2015,100
Brunei Darussalam,BRN,2017,40
Bulgaria,BGR,2011,0
Bulgaria,BGR,2014,0
Burkina Faso,BFA,2012,20
Burkina Faso,BFA,2013,60
Burkina Faso,BFA,2014,40
Burkina Faso,BFA,2017,40
Burundi,BDI,2011,0
Burundi,BDI,2012,0
Burundi,BDI,2013,0
Burundi,BDI,2014,20
Burundi,BDI,2015,20
Burundi,BDI,2016,20
Burundi,BDI,2017,0
Cabo Verde,CPV,2010,33
Cabo Verde,CPV,2016,0
Cabo Verde,CPV,2017,0
Cambodia,KHM,2010,16
Cambodia,KHM,2011,0
Cambodia,KHM,2012,40
Cambodia,KHM,2013,0
Cambodia,KHM,2014,0
Cambodia,KHM,2015,0
Cambodia,KHM,2016,40
Cambodia,KHM,2017,100
Cameroon,CMR,2010,16
Cameroon,CMR,2011,100
Cameroon,CMR,2012,100
Cameroon,CMR,2013,100
Cameroon,CMR,2014,100
Cameroon,CMR,2016,40
Cameroon,CMR,2017,100
Canada,CAN,2010,100
Canada,CAN,2011,100
Canada,CAN,2012,100
Canada,CAN,2013,100
Canada,CAN,2014,100
Canada,CAN,2015,100
Canada,CAN,2016,100
Canada,CAN,2017,100
Central African Republic,CAF,2011,50
Central African Republic,CAF,2013,40
Central African Republic,CAF,2014,40
Central African Republic,CAF,2016,60
Central African Republic,CAF,2017,40
Chad,TCD,2011,0
Chad,TCD,2013,20
Chad,TCD,2015,20
Chad,TCD,2016,20
Chad,TCD,2017,60
Chile,CHL,2011,100
Chile,CHL,2012,20
Chile,CHL,2013,20
Chile,CHL,2014,60
Chile,CHL,2015,40
Chile,CHL,2016,60
Chile,CHL,2017,60
China,CHN,2010,83
China,CHN,2011,75
China,CHN,2012,100
China,CHN,2013,100
China,CHN,2014,100
China,CHN,2015,100
China,CHN,2016,80
China,CHN,2017,100
Colombia,COL,2010,50
Colombia,COL,2011,0
Colombia,COL,2012,80
Colombia,COL,2013,80
Colombia,COL,2014,80
Colombia,COL,2015,60
Colombia,COL,2016,60
Colombia,COL,2017,60
Comoros,COM,2013,50
Comoros,COM,2017,60
Congo,COG,2010,16
Congo,COG,2011,50
Congo,COG,2012,60
Congo,COG,2013,0
Congo,COG,2016,40
Congo,COG,2017,40
Cook Islands,COK,2012,60
Cook Islands,COK,2013,80
Cook Islands,COK,2015,60
Cook Islands,COK,2016,60
Cook Islands,COK,2017,20
Costa Rica,CRI,2010,100
Costa Rica,CRI,2011,75
Costa Rica,CRI,2012,100
Costa Rica,CRI,2013,80
Costa Rica,CRI,2014,80
Costa Rica,CRI,2015,80
Costa Rica,CRI,2016,80
Costa Rica,CRI,2017,80
Croatia,HRV,2010,100
Croatia,HRV,2011,100
Croatia,HRV,2013,100
Croatia,HRV,2014,40
Croatia,HRV,2015,40
Croatia,HRV,2016,40
Croatia,HRV,2017,40
Cuba,CUB,2011,100
Cuba,CUB,2012,100
Cuba,CUB,2013,100
Cuba,CUB,2014,100
Cuba,CUB,2015,100
Cuba,CUB,2016,100
Cuba,CUB,2017,100
Cyprus,CYP,2010,0
Cyprus,CYP,2011,0
Cyprus,CYP,2013,0
Cyprus,CYP,2014,0
Cyprus,CYP,2016,60
Cyprus,CYP,2017,80
Czechia,CZE,2010,50
Czechia,CZE,2011,50
Czechia,CZE,2012,60
Czechia,CZE,2013,60
Czechia,CZE,2014,60
Czechia,CZE,2015,60
Czechia,CZE,2017,100
Côte d’Ivoire,CIV,2011,0
Côte d’Ivoire,CIV,2013,100
Côte d’Ivoire,CIV,2016,100
Côte d’Ivoire,CIV,2017,100
Democratic People's Republic of Korea,PRK,2010,66
Democratic People's Republic of Korea,PRK,2011,25
Democratic People's Republic of Korea,PRK,2012,40
Democratic People's Republic of Korea,PRK,2013,20
Democratic People's Republic of Korea,PRK,2014,40
Democratic People's Republic of Korea,PRK,2015,20
Democratic People's Republic of Korea,PRK,2016,40
Democratic People's Republic of Korea,PRK,2017,60
Democratic Republic of the Congo,COD,2010,66
Democratic Republic of the Congo,COD,2011,100
Democratic Republic of the Congo,COD,2012,100
Democratic Republic of the Congo,COD,2013,40
Democratic Republic of the Congo,COD,2014,100
Democratic Republic of the Congo,COD,2015,100
Democratic Republic of the Congo,COD,2016,100
Democratic Republic of the Congo,COD,2017,80
Denmark,DNK,2010,0
Denmark,DNK,2011,0
Denmark,DNK,2013,0
Denmark,DNK,2014,40
Denmark,DNK,2015,40
Denmark,DNK,2016,0
Denmark,DNK,2017,40
Djibouti,DJI,2012,60
Djibouti,DJI,2013,40
Djibouti,DJI,2014,0
Djibouti,DJI,2017,0
Dominica,DMA,2010,33
Dominica,DMA,2011,75
Dominica,DMA,2012,0
Dominica,DMA,2013,25
Dominica,DMA,2014,20
Dominica,DMA,2015,40
Dominica,DMA,2016,40
Dominica,DMA,2017,40
Dominican Republic,DOM,2010,100
Dominican Republic,DOM,2012,40
Dominican Republic,DOM,2013,100
Dominican Republic,DOM,2014,100
Dominican Republic,DOM,2015,40
Dominican Republic,DOM,2016,40
Dominican Republic,DOM,2017,40
Ecuador,ECU,2010,50
Ecuador,ECU,2011,50
Ecuador,ECU,2012,20
Ecuador,ECU,2013,40
Ecuador,ECU,2014,80
Ecuador,ECU,2015,80
Ecuador,ECU,2016,20
Ecuador,ECU,2017,40
Egypt,EGY,2010,100
Egypt,EGY,2011,75
Egypt,EGY,2012,80
Egypt,EGY,2013,100
Egypt,EGY,2014,100
Egypt,EGY,2016,100
Egypt,EGY,2017,100
El Salvador,SLV,2011,75
El Salvador,SLV,2012,100
El Salvador,SLV,2013,100
El Salvador,SLV,2014,100
El Salvador,SLV,2015,100
El Salvador,SLV,2016,100
El Salvador,SLV,2017,100
Equatorial Guinea,GNQ,2011,0
Equatorial Guinea,GNQ,2013,60
Equatorial Guinea,GNQ,2017,60
Eritrea,ERI,2010,33
Eritrea,ERI,2011,0
Eritrea,ERI,2013,60
Eritrea,ERI,2014,60
Eritrea,ERI,2015,60
Eritrea,ERI,2016,80
Eritrea,ERI,2017,80
Estonia,EST,2010,16
Estonia,EST,2011,75
Estonia,EST,2012,40
Estonia,EST,2013,40
Estonia,EST,2014,40
Estonia,EST,2015,40
Estonia,EST,2016,40
Estonia,EST,2017,40
Eswatini,SWZ,2010,33
Eswatini,SWZ,2011,75
Eswatini,SWZ,2012,0
Eswatini,SWZ,2013,60
Eswatini,SWZ,2014,40
Eswatini,SWZ,2015,40
Eswatini,SWZ,2017,60
Ethiopia,ETH,2010,33
Ethiopia,ETH,2011,100
Ethiopia,ETH,2012,100
Ethiopia,ETH,2014,100
Ethiopia,ETH,2015,100
Ethiopia,ETH,2016,100
Ethiopia,ETH,2017,100
Fiji,FJI,2010,16
Fiji,FJI,2012,20
Fiji,FJI,2013,100
Fiji,FJI,2014,100
Finland,FIN,2010,83
Finland,FIN,2011,75
Finland,FIN,2012,80
Finland,FIN,2013,80
Finland,FIN,2014,80
Finland,FIN,2015,80
France,FRA,2010,50
France,FRA,2011,50
France,FRA,2012,60
France,FRA,2013,60
France,FRA,2014,60
France,FRA,2015,60
France,FRA,2016,60
France,FRA,2017,60
Gabon,GAB,2011,0
Gabon,GAB,2016,20
Gabon,GAB,2017,20
Gambia,GMB,2010,50
Gambia,GMB,2011,0
Gambia,GMB,2013,0
Gambia,GMB,2014,20
Gambia,GMB,2017,0
Georgia,GEO,2010,83
Georgia,GEO,2011,100
Georgia,GEO,2012,100
Georgia,GEO,2013,100
Georgia,GEO,2014,60
Georgia,GEO,2015,40
Georgia,GEO,2016,60
Georgia,GEO,2017,40
Germany,DEU,2010,33
Germany,DEU,2011,25
Germany,DEU,2012,100
Germany,DEU,2014,100
Germany,DEU,2017,60
Ghana,GHA,2010,33
Ghana,GHA,2011,0
Ghana,GHA,2012,40
Ghana,GHA,2013,40
Ghana,GHA,2014,40
Ghana,GHA,2016,40
Ghana,GHA,2017,40
Greece,GRC,2010,83
Grenada,GRD,2011,50
Grenada,GRD,2012,0
Grenada,GRD,2013,60
Grenada,GRD,2015,60
Grenada,GRD,2016,60
Guatemala,GTM,2011,25
Guatemala,GTM,2012,100
Guatemala,GTM,2013,100
Guatemala,GTM,2014,40
Guatemala,GTM,2015,100
Guatemala,GTM,2016,80
Guinea,GIN,2011,25
Guinea,GIN,2014,80
Guinea,GIN,2015,80
Guinea,GIN,2017,100
Guinea-Bissau,GNB,2014,40
Guinea-Bissau,GNB,2015,40
Guinea-Bissau,GNB,2016,40
Guinea-Bissau,GNB,2017,40
Guyana,GUY,2010,33
Guyana,GUY,2011,75
Guyana,GUY,2012,80
Guyana,GUY,2013,100
Guyana,GUY,2014,100
Guyana,GUY,2015,100
Guyana,GUY,2017,100
Haiti,HTI,2011,25
Haiti,HTI,2013,60
Haiti,HTI,2014,40
Haiti,HTI,2015,40
Haiti,HTI,2016,40
Haiti,HTI,2017,40
Honduras,HND,2010,50
Honduras,HND,2011,50
Honduras,HND,2012,60
Honduras,HND,2013,75
Honduras,HND,2014,40
Honduras,HND,2015,60
Honduras,HND,2016,60
Honduras,HND,2017,60
Hungary,HUN,2010,83
Hungary,HUN,2011,75
Hungary,HUN,2012,60
Hungary,HUN,2013,100
Hungary,HUN,2014,0
Hungary,HUN,2015,40
Hungary,HUN,2016,40
Hungary,HUN,2017,0
Iceland,ISL,2011,0
Iceland,ISL,2012,20
Iceland,ISL,2014,60
Iceland,ISL,2016,60
Iceland,ISL,2017,60
India,IND,2010,83
India,IND,2011,50
India,IND,2012,100
India,IND,2013,100
India,IND,2016,100
India,IND,2017,100
Indonesia,IDN,2010,83
Indonesia,IDN,2011,100
Indonesia,IDN,2012,80
Indonesia,IDN,2013,80
Indonesia,IDN,2014,80
Indonesia,IDN,2015,80
Indonesia,IDN,2016,100
Indonesia,IDN,2017,100
Iran (Islamic Republic of),IRN,2010,50
Iran (Islamic Republic of),IRN,2011,50
Iran (Islamic Republic of),IRN,2012,100
Iran (Islamic Republic of),IRN,2013,100
Iran (Islamic Republic of),IRN,2014,100
Iran (Islamic Republic of),IRN,2015,100
Iran (Islamic Republic of),IRN,2017,100
Iraq,IRQ,2010,16
Iraq,IRQ,2011,75
Iraq,IRQ,2012,60
Iraq,IRQ,2013,100
Iraq,IRQ,2014,100
Iraq,IRQ,2017,100
Ireland,IRL,2010,33
Ireland,IRL,2011,25
Ireland,IRL,2012,40
Israel,ISR,2010,33
Israel,ISR,2015,0
Israel,ISR,2016,0
Italy,ITA,2010,33
Italy,ITA,2011,50
Italy,ITA,2016,60
Jamaica,JAM,2010,0
Jamaica,JAM,2011,25
Jamaica,JAM,2012,100
Jamaica,JAM,2013,20
Jamaica,JAM,2014,20
Jamaica,JAM,2015,60
Jamaica,JAM,2016,60
Jamaica,JAM,2017,
Japan,JPN,2010,100
Japan,JPN,2011,100
Japan,JPN,2012,100
Japan,JPN,2013,100
Japan,JPN,2014,100
Japan,JPN,2015,100
Japan,JPN,2016,100
Japan,JPN,2017,100
Jordan,JOR,2010,83
Jordan,JOR,2011,100
Jordan,JOR,2012,100
Jordan,JOR,2013,80
Jordan,JOR,2014,80
Jordan,JOR,2016,80
Jordan,JOR,2017,80
Kazakhstan,KAZ,2011,100
Kazakhstan,KAZ,2012,100
Kazakhstan,KAZ,2013,100
Kazakhstan,KAZ,2014,100
Kazakhstan,KAZ,2015,100
Kenya,KEN,2010,16
Kenya,KEN,2011,75
Kenya,KEN,2012,40
Kenya,KEN,2013,40
Kenya,KEN,2017,80
Kiribati,KIR,2010,33
Kiribati,KIR,2011,0
Kiribati,KIR,2012,0
Kiribati,KIR,2013,50
Kiribati,KIR,2014,40
Kuwait,KWT,2010,33
Kuwait,KWT,2011,75
Kuwait,KWT,2012,60
Kuwait,KWT,2013,100
Kuwait,KWT,2014,60
Kuwait,KWT,2015,60
Kuwait,KWT,2016,60
Kuwait,KWT,2017,60
Kyrgyzstan,KGZ,2011,0
Lao People's Democratic Republic,LAO,2010,66
Lao People's Democratic Republic,LAO,2011,25
Lao People's Democratic Republic,LAO,2012,60
Lao People's Democratic Republic,LAO,2013,80
Lao People's Democratic Republic,LAO,2014,100
Lao People's Democratic Republic,LAO,2015,100
Lao People's Democratic Republic,LAO,2016,100
Lao People's Democratic Republic,LAO,2017,
Latvia,LVA,2010,16
Latvia,LVA,2011,25
Latvia,LVA,2012,20
Latvia,LVA,2014,60
Latvia,LVA,2015,60
Latvia,LVA,2016,60
Latvia,LVA,2017,40
Lebanon,LBN,2010,33
Lebanon,LBN,2011,25
Lebanon,LBN,2012,40
Lebanon,LBN,2013,60
Lebanon,LBN,2014,60
Lebanon,LBN,2017,60
Lesotho,LSO,2010,16
Lesotho,LSO,2011,0
Lesotho,LSO,2013,40
Lesotho,LSO,2016,40
Lesotho,LSO,2017,20
Liberia,LBR,2010,16
Liberia,LBR,2011,50
Liberia,LBR,2017,80
Libya,LBY,2010,66
Libya,LBY,2011,50
Libya,LBY,2012,40
Libya,LBY,2013,40
Libya,LBY,2014,60
Libya,LBY,2015,60
Libya,LBY,2016,60
Libya,LBY,2017,60
Lithuania,LTU,2010,0
Lithuania,LTU,2011,0
Lithuania,LTU,2012,20
Lithuania,LTU,2013,0
Lithuania,LTU,2014,0
Lithuania,LTU,2015,0
Lithuania,LTU,2016,0
Lithuania,LTU,2017,0
Luxembourg,LUX,2010,0
Luxembourg,LUX,2011,0
Luxembourg,LUX,2012,0
Luxembourg,LUX,2013,40
Luxembourg,LUX,2014,40
Luxembourg,LUX,2015,40
Luxembourg,LUX,2016,40
Luxembourg,LUX,2017,40
Madagascar,MDG,2011,25
Madagascar,MDG,2013,40
Madagascar,MDG,2014,40
Madagascar,MDG,2017,40
Malawi,MWI,2011,25
Malawi,MWI,2014,20
Malawi,MWI,2017,100
Malaysia,MYS,2010,100
Malaysia,MYS,2011,100
Malaysia,MYS,2012,100
Malaysia,MYS,2013,100
Malaysia,MYS,2014,100
Malaysia,MYS,2015,100
Malaysia,MYS,2016,100
Maldives,MDV,2010,33
Maldives,MDV,2011,25
Maldives,MDV,2012,40
Maldives,MDV,2013,100
Maldives,MDV,2014,40
Maldives,MDV,2015,40
Maldives,MDV,2016,40
Maldives,MDV,2017,40
Mali,MLI,2011,75
Mali,MLI,2017,40
Malta,MLT,2011,0
Malta,MLT,2012,0
Malta,MLT,2013,0
Malta,MLT,2014,0
Malta,MLT,2016,No response
Malta,MLT,2017,0
Marshall Islands,MHL,2010,66
Marshall Islands,MHL,2011,75
Marshall Islands,MHL,2012,40
Marshall Islands,MHL,2013,100
Marshall Islands,MHL,2017,80
Mauritania,MRT,2010,0
Mauritania,MRT,2011,0
Mauritania,MRT,2012,0
Mauritania,MRT,2014,0
Mauritania,MRT,2015,0
Mauritania,MRT,2017,40
Mauritius,MUS,2013,40
Mauritius,MUS,2014,40
Mauritius,MUS,2015,40
Mauritius,MUS,2016,40
Mauritius,MUS,2017,40
Mexico,MEX,2010,0
Mexico,MEX,2011,100
Mexico,MEX,2012,80
Mexico,MEX,2013,100
Mexico,MEX,2014,100
Mexico,MEX,2015,100
Mexico,MEX,2016,100
Mexico,MEX,2017,100
Micronesia (Federated States of),FSM,2010,0
Micronesia (Federated States of),FSM,2011,25
Micronesia (Federated States of),FSM,2012,20
Micronesia (Federated States of),FSM,2013,20
Micronesia (Federated States of),FSM,2014,60
Micronesia (Federated States of),FSM,2015,60
Micronesia (Federated States of),FSM,2016,80
Micronesia (Federated States of),FSM,2017,80
Monaco,MCO,2011,25
Monaco,MCO,2012,20
Monaco,MCO,2013,20
Monaco,MCO,2014,20
Monaco,MCO,2016,60
Monaco,MCO,2017,60
Mongolia,MNG,2010,100
Mongolia,MNG,2011,50
Mongolia,MNG,2012,40
Mongolia,MNG,2013,40
Mongolia,MNG,2014,0
Mongolia,MNG,2015,100
Mongolia,MNG,2017,40
Montenegro,MNE,2012,20
Montenegro,MNE,2013,20
Montenegro,MNE,2014,20
Montenegro,MNE,2015,20
Montenegro,MNE,2016,20
Montenegro,MNE,2017,20
Morocco,MAR,2010,66
Morocco,MAR,2011,100
Morocco,MAR,2012,100
Morocco,MAR,2013,100
Morocco,MAR,2014,100
Morocco,MAR,2016,100
Morocco,MAR,2017,100
Mozambique,MOZ,2010,33
Mozambique,MOZ,2011,100
Mozambique,MOZ,2012,100
Mozambique,MOZ,2013,100
Mozambique,MOZ,2015,60
Mozambique,MOZ,2017,60
Myanmar,MMR,2010,33
Myanmar,MMR,2011,100
Myanmar,MMR,2012,100
Myanmar,MMR,2013,100
Myanmar,MMR,2014,100
Myanmar,MMR,2015,100
Myanmar,MMR,2016,100
Myanmar,MMR,2017,40
Namibia,NAM,2014,60
Namibia,NAM,2016,100
Namibia,NAM,2017,100
Nauru,NRU,2010,50
Nauru,NRU,2014,20
Nepal,NPL,2010,33
Nepal,NPL,2011,25
Nepal,NPL,2012,20
Nepal,NPL,2013,20
Nepal,NPL,2014,60
Nepal,NPL,2015,80
Nepal,NPL,2016,80
Nepal,NPL,2017,0
Netherlands,NLD,2011,0
Netherlands,NLD,2012,0
Netherlands,NLD,2013,40
Netherlands,NLD,2014,60
Netherlands,NLD,2015,60
Netherlands,NLD,2016,60
Netherlands,NLD,2017,60
New Zealand,NZL,2010,50
New Zealand,NZL,2011,75
New Zealand,NZL,2012,100
New Zealand,NZL,2013,100
New Zealand,NZL,2014,100
New Zealand,NZL,2015,100
New Zealand,NZL,2016,100
New Zealand,NZL,2017,100
Nicaragua,NIC,2011,0
Nicaragua,NIC,2012,20
Nicaragua,NIC,2013,60
Nicaragua,NIC,2014,100
Nicaragua,NIC,2015,100
Nicaragua,NIC,2016,100
Nicaragua,NIC,2017,100
Niger,NER,2013,20
Niger,NER,2015,100
Niger,NER,2016,100
Niger,NER,2017,100
Nigeria,NGA,2011,25
Nigeria,NGA,2012,0
Nigeria,NGA,2013,20
Nigeria,NGA,2014,60
Nigeria,NGA,2015,60
Nigeria,NGA,2016,80
Nigeria,NGA,2017,40
Niue,NIU,2012,0
Niue,NIU,2013,20
Niue,NIU,2014,20
Norway,NOR,2012,40
Norway,NOR,2013,100
Norway,NOR,2014,100
Norway,NOR,2015,100
Norway,NOR,2016,100
Norway,NOR,2017,100
Oman,OMN,2010,66
Oman,OMN,2011,100
Oman,OMN,2012,100
Oman,OMN,2013,100
Oman,OMN,2014,100
Oman,OMN,2015,100
Oman,OMN,2016,100
Oman,OMN,2017,100
Pakistan,PAK,2010,0
Pakistan,PAK,2012,60
Pakistan,PAK,2013,60
Pakistan,PAK,2014,60
Pakistan,PAK,2016,60
Pakistan,PAK,2017,60
Palau,PLW,2010,66
Palau,PLW,2011,75
Palau,PLW,2012,80
Palau,PLW,2013,60
Palau,PLW,2014,100
Palau,PLW,2015,100
Palau,PLW,2016,100
Palau,PLW,2017,100
Panama,PAN,2011,25
Panama,PAN,2012,100
Panama,PAN,2013,40
Panama,PAN,2014,40
Panama,PAN,2015,40
Panama,PAN,2016,40
Panama,PAN,2017,60
Papua New Guinea,PNG,2011,25
Papua New Guinea,PNG,2012,40
Papua New Guinea,PNG,2013,60
Papua New Guinea,PNG,2014,60
Paraguay,PRY,2011,100
Paraguay,PRY,2012,60
Paraguay,PRY,2013,60
Paraguay,PRY,2015,80
Paraguay,PRY,2016,60
Paraguay,PRY,2017,60
Peru,PER,2012,80
Peru,PER,2013,80
Peru,PER,2014,80
Peru,PER,2015,80
Peru,PER,2016,100
Peru,PER,2017,60
Philippines,PHL,2010,33
Philippines,PHL,2011,100
Philippines,PHL,2012,100
Philippines,PHL,2013,100
Philippines,PHL,2014,80
Philippines,PHL,2015,80
Philippines,PHL,2016,100
Philippines,PHL,2017,40
Poland,POL,2010,0
Poland,POL,2011,0
Poland,POL,2012,0
Poland,POL,2013,0
Poland,POL,2014,0
Poland,POL,2016,0
Poland,POL,2017,0
Portugal,PRT,2011,100
Portugal,PRT,2014,60
Portugal,PRT,2015,60
Portugal,PRT,2016,60
Portugal,PRT,2017,60
Qatar,QAT,2010,66
Qatar,QAT,2011,50
Qatar,QAT,2012,40
Qatar,QAT,2013,100
Qatar,QAT,2014,100
Qatar,QAT,2017,0
Republic of Korea,KOR,2010,83
Republic of Korea,KOR,2012,100
Republic of Korea,KOR,2013,100
Republic of Korea,KOR,2014,100
Republic of Korea,KOR,2017,100
Republic of Moldova,MDA,2010,0
Republic of Moldova,MDA,2011,25
Republic of Moldova,MDA,2012,20
Republic of Moldova,MDA,2014,20
Republic of Moldova,MDA,2015,20
Republic of Moldova,MDA,2016,0
Romania,ROU,2010,16
Romania,ROU,2011,25
Romania,ROU,2013,40
Romania,ROU,2014,40
Romania,ROU,2015,40
Romania,ROU,2016,40
Romania,ROU,2017,40
Russian Federation,RUS,2010,100
Russian Federation,RUS,2011,100
Russian Federation,RUS,2014,80
Russian Federation,RUS,2015,80
Russian Federation,RUS,2016,100
Rwanda,RWA,2013,40
Rwanda,RWA,2014,40
Rwanda,RWA,2015,60
Rwanda,RWA,2017,60
Saint Kitts and Nevis,KNA,2012,20
Saint Kitts and Nevis,KNA,2013,60
Saint Kitts and Nevis,KNA,2015,20
Saint Kitts and Nevis,KNA,2017,0
Saint Lucia,LCA,2010,16
Saint Lucia,LCA,2011,25
Saint Lucia,LCA,2012,20
Saint Lucia,LCA,2014,40
Saint Lucia,LCA,2015,40
Saint Lucia,LCA,2016,100
Saint Vincent and the Grenadines,VCT,2012,0
Saint Vincent and the Grenadines,VCT,2013,60
Saint Vincent and the Grenadines,VCT,2014,20
Saint Vincent and the Grenadines,VCT,2015,80
Saint Vincent and the Grenadines,VCT,2016,80
Samoa,WSM,2011,25
Samoa,WSM,2012,40
Samoa,WSM,2013,60
Samoa,WSM,2014,80
Samoa,WSM,2015,80
San Marino,SMR,2010,0
San Marino,SMR,2017,40
Sao Tome and Principe,STP,2010,0
Sao Tome and Principe,STP,2011,0
Sao Tome and Principe,STP,2012,0
Sao Tome and Principe,STP,2013,0
Sao Tome and Principe,STP,2014,0
Sao Tome and Principe,STP,2015,0
Sao Tome and Principe,STP,2016,0
Sao Tome and Principe,STP,2017,0
Saudi Arabia,SAU,2010,83
Saudi Arabia,SAU,2011,100
Saudi Arabia,SAU,2012,100
Saudi Arabia,SAU,2013,100
Saudi Arabia,SAU,2014,100
Saudi Arabia,SAU,2016,100
Saudi Arabia,SAU,2017,100
Senegal,SEN,2011,25
Senegal,SEN,2012,0
Senegal,SEN,2017,60
Serbia,SRB,2011,0
Serbia,SRB,2014,0
Serbia,SRB,2016,0
Serbia,SRB,2017,0
Seychelles,SYC,2010,0
Seychelles,SYC,2011,0
Seychelles,SYC,2012,40
Seychelles,SYC,2013,40
Seychelles,SYC,2014,100
Seychelles,SYC,2015,100
Seychelles,SYC,2016,100
Seychelles,SYC,2017,100
Sierra Leone,SLE,2010,0
Sierra Leone,SLE,2011,25
Sierra Leone,SLE,2013,60
Sierra Leone,SLE,2014,20
Sierra Leone,SLE,2016,0
Sierra Leone,SLE,2017,60
Singapore,SGP,2010,100
Singapore,SGP,2011,100
Singapore,SGP,2012,100
Singapore,SGP,2013,100
Singapore,SGP,2014,100
Singapore,SGP,2015,100
Singapore,SGP,2016,100
Singapore,SGP,2017,100
Slovakia,SVK,2010,0
Slovakia,SVK,2011,0
Slovakia,SVK,2012,40
Slovakia,SVK,2013,100
Slovakia,SVK,2014,100
Slovakia,SVK,2015,100
Slovakia,SVK,2016,100
Slovakia,SVK,2017,100
Slovenia,SVN,2010,16
Slovenia,SVN,2011,25
Slovenia,SVN,2012,20
Slovenia,SVN,2013,20
Slovenia,SVN,2014,20
Slovenia,SVN,2015,20
Slovenia,SVN,2016,20
Slovenia,SVN,2017,0
Solomon Islands,SLB,2012,20
Solomon Islands,SLB,2013,40
Solomon Islands,SLB,2014,40
Solomon Islands,SLB,2015,40
Solomon Islands,SLB,2017,40
Somalia,SOM,2013,0
Somalia,SOM,2014,0
Somalia,SOM,2017,40
South Africa,ZAF,2010,16
South Africa,ZAF,2011,25
South Africa,ZAF,2012,40
South Africa,ZAF,2013,50
South Africa,ZAF,2014,100
South Africa,ZAF,2015,100
South Africa,ZAF,2017,100
South Sudan,SSD,2013,100
South Sudan,SSD,2014,100
South Sudan,SSD,2015,100
South Sudan,SSD,2017,0
Spain,ESP,2010,33
Spain,ESP,2011,50
Spain,ESP,2012,60
Spain,ESP,2013,80
Spain,ESP,2014,100
Spain,ESP,2015,60
Spain,ESP,2016,80
Spain,ESP,2017,80
Sri Lanka,LKA,2010,66
Sri Lanka,LKA,2011,50
Sri Lanka,LKA,2012,80
Sri Lanka,LKA,2013,80
Sri Lanka,LKA,2014,80
Sri Lanka,LKA,2015,60
Sri Lanka,LKA,2016,60
Sri Lanka,LKA,2017,80
Sudan,SDN,2010,0
Sudan,SDN,2011,25
Sudan,SDN,2012,40
Sudan,SDN,2013,80
Sudan,SDN,2014,80
Sudan,SDN,2017,80
Suriname,SUR,2011,0
Suriname,SUR,2012,0
Suriname,SUR,2013,0
Suriname,SUR,2014,40
Suriname,SUR,2015,40
Suriname,SUR,2016,40
Suriname,SUR,2017,40
Sweden,SWE,2010,16
Sweden,SWE,2011,0
Sweden,SWE,2012,80
Sweden,SWE,2013,100
Sweden,SWE,2014,100
Sweden,SWE,2015,100
Sweden,SWE,2016,100
Sweden,SWE,2017,100
Switzerland,CHE,2010,33
Switzerland,CHE,2011,25
Switzerland,CHE,2012,20
Switzerland,CHE,2013,20
Switzerland,CHE,2014,20
Switzerland,CHE,2015,20
Switzerland,CHE,2016,20
Switzerland,CHE,2017,20
Syrian Arab Republic,SYR,2010,0
Syrian Arab Republic,SYR,2011,25
Syrian Arab Republic,SYR,2012,60
Syrian Arab Republic,SYR,2013,20
Syrian Arab Republic,SYR,2014,20
Syrian Arab Republic,SYR,2017,40
Tajikistan,TJK,2011,25
Tajikistan,TJK,2012,20
Tajikistan,TJK,2014,100
Tajikistan,TJK,2015,100
Thailand,THA,2010,66
Thailand,THA,2011,75
Thailand,THA,2012,80
Thailand,THA,2013,80
Thailand,THA,2014,100
Thailand,THA,2016,100
Thailand,THA,2017,100
The former Yugoslav Republic of Macedonia,MKD,2011,25
The former Yugoslav Republic of Macedonia,MKD,2013,20
The former Yugoslav Republic of Macedonia,MKD,2014,60
The former Yugoslav Republic of Macedonia,MKD,2015,60
The former Yugoslav Republic of Macedonia,MKD,2016,60
The former Yugoslav Republic of Macedonia,MKD,2017,60
Timor-Leste,TLS,2010,50
Timor-Leste,TLS,2011,25
Timor-Leste,TLS,2012,40
Timor-Leste,TLS,2013,0
Timor-Leste,TLS,2014,40
Timor-Leste,TLS,2015,40
Timor-Leste,TLS,2016,40
Timor-Leste,TLS,2017,40
Togo,TGO,2010,0
Togo,TGO,2011,25
Togo,TGO,2013,80
Togo,TGO,2014,80
Togo,TGO,2015,80
Togo,TGO,2017,80
Tonga,TON,2010,33
Tonga,TON,2011,0
Tonga,TON,2012,80
Tonga,TON,2013,60
Trinidad and Tobago,TTO,2010,0
Trinidad and Tobago,TTO,2012,0
Trinidad and Tobago,TTO,2013,20
Trinidad and Tobago,TTO,2014,20
Trinidad and Tobago,TTO,2015,20
Trinidad and Tobago,TTO,2016,20
Trinidad and Tobago,TTO,2017,0
Tunisia,TUN,2011,25
Tunisia,TUN,2012,80
Tunisia,TUN,2013,40
Tunisia,TUN,2014,40
Tunisia,TUN,2016,20
Tunisia,TUN,2017,40
Turkey,TUR,2010,100
Turkey,TUR,2012,100
Turkey,TUR,2014,100
Turkey,TUR,2017,100
Turkmenistan,TKM,2011,75
Turkmenistan,TKM,2014,100
Tuvalu,TUV,2012,60
Tuvalu,TUV,2013,60
Tuvalu,TUV,2015,100
Tuvalu,TUV,2017,20
Uganda,UGA,2010,33
Uganda,UGA,2011,25
Uganda,UGA,2012,40
Uganda,UGA,2013,40
Uganda,UGA,2017,60
Ukraine,UKR,2015,100
Ukraine,UKR,2017,40
United Arab Emirates,ARE,2010,0
United Arab Emirates,ARE,2011,0
United Arab Emirates,ARE,2012,0
United Arab Emirates,ARE,2013,40
United Arab Emirates,ARE,2014,80
United Arab Emirates,ARE,2015,80
United Arab Emirates,ARE,2016,80
United Arab Emirates,ARE,2017,80
United Kingdom of Great Britain and Northern Ireland,GBR,2010,No data
United Kingdom of Great Britain and Northern Ireland,GBR,2011,No data
United Kingdom of Great Britain and Northern Ireland,GBR,2012,No data
United Kingdom of Great Britain and Northern Ireland,GBR,2013,No data
United Kingdom of Great Britain and Northern Ireland,GBR,2014,No data
United Kingdom of Great Britain and Northern Ireland,GBR,2016,40
United Kingdom of Great Britain and Northern Ireland,GBR,2017,40
United Republic of Tanzania,TZA,2011,100
United Republic of Tanzania,TZA,2012,100
United Republic of Tanzania,TZA,2013,60
United Republic of Tanzania,TZA,2014,60
United Republic of Tanzania,TZA,2015,80
United Republic of Tanzania,TZA,2017,100
United States of America,USA,2010,100
United States of America,USA,2011,100
United States of America,USA,2012,100
United States of America,USA,2013,100
United States of America,USA,2014,100
United States of America,USA,2015,100
United States of America,USA,2016,100
United States of America,USA,2017,100
Uruguay,URY,2013,100
Uruguay,URY,2015,20
Uruguay,URY,2016,40
Uruguay,URY,2017,60
Uzbekistan,UZB,2011,100
Uzbekistan,UZB,2014,100
Vanuatu,VUT,2010,16
Vanuatu,VUT,2012,0
Vanuatu,VUT,2013,60
Vanuatu,VUT,2015,0
Vanuatu,VUT,2017,0
Venezuela (Bolivarian Republic of),VEN,2011,50
Venezuela (Bolivarian Republic of),VEN,2012,80
Venezuela (Bolivarian Republic of),VEN,2013,100
Venezuela (Bolivarian Republic of),VEN,2014,100
Venezuela (Bolivarian Republic of),VEN,2015,100
Venezuela (Bolivarian Republic of),VEN,2016,100
Venezuela (Bolivarian Republic of),VEN,2017,100
Viet Nam,VNM,2010,66
Viet Nam,VNM,2011,100
Viet Nam,VNM,2012,60
Viet Nam,VNM,2013,80
Viet Nam,VNM,2014,80
Viet Nam,VNM,2015,100
Viet Nam,VNM,2016,100
Viet Nam,VNM,2017,100
Yemen,YEM,2012,80
Yemen,YEM,2013,100
Yemen,YEM,2014,100
Yemen,YEM,2017,100
Zambia,ZMB,2011,25
Zambia,ZMB,2012,80
Zambia,ZMB,2013,100
Zambia,ZMB,2014,100
Zambia,ZMB,2017,40
Zimbabwe,ZWE,2011,50
Zimbabwe,ZWE,2014,80
Zimbabwe,ZWE,2016,60
Zimbabwe,ZWE,2017,60
